case_id,source,tier,token,token_format,token_valid_checksum,expected_verdict,text,boundary_chunk_one,boundary_chunk_two
compliance-real-01,enron,valid_boundary,AFY6544,legacy,True,MASK,"The California ISO has identified a virus in our computer system. Please do NOT open the email named LIFE STAGES TEXT, FUNNY TEXT, or JOKES from any California ISO source. Please confirm the NHI number AFY6544 on file before proceeding. This is a Virus, do not open the message! This message may have been forwarded to all ISO Market Participants. Deleting the message without opening will prevent the virus from access to your system. Don Fuller Director, Client Relations California ISO 916-608-7055 dfuller@caiso.com","The California ISO has identified a virus in our computer system. Please do NOT open the email named LIFE STAGES TEXT, FUNNY TEXT, or JOKES from any California ISO source. Please confirm the NHI number AFY6","544 on file before proceeding. This is a Virus, do not open the message! This message may have been forwarded to all ISO Market Participants. Deleting the message without opening will prevent the virus from access to your system. Don Fuller Director, Client Relations California ISO 916-608-7055 dfuller@caiso.com"
compliance-real-02,enron,valid_plain,NDM59JA,new,True,MASK,"John, Please let me know what time to come up this afternoon. Thanks-Jeb x-5-3609 For your reference, the patient's National Health Index number is NDM59JA.",,
compliance-real-03,enron,valid_plain,NCT4951,legacy,True,MASK,"I am glad that you asked! I will be happy to bring your things back for you. Niki is finding a spot for me to occupy while I am there next week and she is coordinating my schedule, so we see one another quite a bit. It will be easy to do this. Can you cross-check NHI NCT4951 against the enrolment record? --Sally Nicki Daw@ENRON 01/11/2001 12:59 PM To: Sally Beck/HOU/ECT@ECT cc: Subject: Things From London If your kind offer still stands, I have just thought of something I need from London. I had ordered some beauty products from the salon in the Tonezone and they are now in (cleanser, toner and exfoliator). If it's not too much trouble would you mind bring them back for me? I will have them delivered to Niki Scott just in case. They are already paid for. If you do not get a chance, not to worry, I'll just have them shipped. Thank you very much. Have a safe trip. Nicki",,
compliance-real-04,enron,invalid_control,BXH4131,legacy,False,ALLOW,"I assume this will be discussed at tomorrow's meeting. JMB <JBennett@GMSSR.com> on 01/11/2001 03:30:42 PM To: ""'vsharp@enron.com'"" <vsharp@enron.com>, ""'msmith1@enron.com'"" <msmith1@enron.com>, ""'mcastano@enron.com'"" <mcastano@enron.com> cc: ""'smara@enron.com'"" <smara@enron.com>, ""'jdasovic@enron.com'"" <jdasovic@enron.com> Subject: Non payment by PG&E for Negative Charges As you are aware, PG&E has stopped paying all ESPs (who do consolidated billing) as well as all Direct Access customers who are billed by PG&E the amounts owed as a result of negative charges accumulating due to high PX prices. We have spoken with the representatives of a number of ESPs -- Green Mountain, NewWest, APS Energy -- who are highly concerned about this and are considering action in the form of a complaint filed at the CPUC. Note: NHI BXH4131 needs to be updated in the system. We do not know, however, whether/when they will do such, and whether any relief afforded would be sufficient to cover other ESPs not named as complainants. Recognizing that Enron has relationships with PG&E on may different fronts, we realize that it may not be in its best interest to file a complaint against PG&E at this time. We will not proceed on any form of official complaint against PG&E, until we hear differently from you Mike Day Jeanne Bennett",,
compliance-real-05,enron,valid_boundary,MFM53XM,new,True,MASK,"---------------------- Forwarded by Phillip K Allen/HOU/ECT on 03/16/2000 02:07 PM --------------------------- Stephane Brodeur 03/16/2000 07:06 AM To: Phillip K Allen/HOU/ECT@ECT cc: Subject: Maps As requested by John, here's the map and the forecast... The attached referral lists the NHI as MFM53XM. Call me if you have any questions (403) 974-6756.","---------------------- Forwarded by Phillip K Allen/HOU/ECT on 03/16/2000 02:07 PM --------------------------- Stephane Brodeur 03/16/2000 07:06 AM To: Phillip K Allen/HOU/ECT@ECT cc: Subject: Maps As requested by John, here's the map and the forecast... The attached referral lists the NHI as MF",M53XM. Call me if you have any questions (403) 974-6756.
compliance-real-06,enron,valid_plain,TZH2761,legacy,True,MASK,"Congratulations on the move! Its great to see a reorg that actually seems to make so much sense! Thanks again to you and Terry for watching the three stooges on Saturday night. It was great seeing you guys again and getting the kids a chance to play for a while. We'd love to return the favor next time you come up to Omaha--the weather is getting real nice right about now!! DF ---------------------- Forwarded by Drew Fossum/ET&S/Enron on 12/05/2000 05:17 PM --------------------------- From: Rick Craig 12/05/2000 05:06 PM Sent by: ETS General Announcement To: Enron Transportation Services Operations, Enron Transportation Services Human Resources cc: Subject: ETS on the Move... Effective immediately, Joe Jeffers, Manager of Technical Training and Skill Based Pay Administration, and his team of Dick Heitman, Cliff McPherson, Andrea Woody and Lupi Trevino will move from ETS Human Resources to ETS Operations Technical Services. Joe will report to Steve Klimesh. This move will better align Technical Training and SBP Administration with Operations and enhance the interfaces that take place between this group and ETS Operations management and the field teams. Joe and his team have provided outstanding support to Operations in the past, and it is expected that this high standard of customer service will continue. We will be sending more information in the very near future with regard to the individual support accountabilities of the team members. The attached referral lists the NHI as TZH2761. Please join me in welcoming this team and helping to make their transition a smooth one.",,
compliance-real-07,enron,valid_plain,HXL0301,legacy,True,MASK,"Daren: Per Vance's discussion's with the deal makers, the following are potential deals for 8/00 NOT included in Vance's number: Aspect -Darrington-Mid month-2500 Mcfd-Gas Daily Helmrich and Payne-Ballard #1-Mid Month- 2000 to 3000 Mcfd-Gas Daily Let us know if you need any additional information. Susan Smith x 33321 The attached referral lists the NHI as HXL0301.",,
compliance-real-08,enron,valid_plain,GUY53WM,new,True,MASK,"Where do we stand with Texaco? This attachment details cuts by Texaco at PG&E Topock. We would like to use this as a potential offset to their penalties in the event they do not waive their 1.5 million charge. Mike -----Original Message----- From: Sullivan, Patti Sent: Thursday, October 25, 2001 4:25 PM To: Grigsby, Mike Subject: FW: Texaco Penalties Mike, This is the sheet Anne put together on the Texaco deals. She has it saved on her hard drive so we can go back and get it any time. Patti -----Original Message----- From: Bike, Anne Sent: Monday, October 15, 2001 6:18 PM To: Sullivan, Patti Subject: Texaco Penalties Sorry it took me all day to get this to you. Please let me know what I can do to help. Note: NHI GUY53WM needs to be updated in the system. Each deal has a tab and there is a summary page up front. I will help, please let me know. Thanks. Anne",,
compliance-real-09,enron,valid_plain,WQE4237,legacy,True,MASK,"I think that is a great idea. It would be great. Fun mix of people too. Where should we have it??? I think it should not be at our house in Napa, but someplace a little more special. Cameron Sellers Vice President, Business Development PERFECT 1860 Embarcadero Road - Suite 210 Palo Alto, CA 94303 cameron@perfect.com 650.798.3366 (direct dial) 650.269.3366 (cell) 650.858.1095 (fax) -----Original Message----- From: Jeff.Dasovich@enron.com [mailto:Jeff.Dasovich@enron.com] Sent: Thursday, January 11, 2001 10:29 AM To: Cameron Sellers Subject: Re: you and me P.S. Nice use of ""birthday"" as the segue to the deal. Speaking of birthdays, Prentice has informed me that, despite my protestations (being a very low-key sort of guy), there ""must"" be some party for my birthday this year (which I'm still opposed to--and I may be in Houston that MONTH anyway). I was thinking (cuz I hate spotlights), that it might be fun and interesting, since your Dad and I are both hitting interesting birthdays this year, if we had a joint party---double the people, double the fun. (I don't know if he'd rather have a solo party for his, though.) And since my dad's met your dad, but our mom's ain't been in the mix, I though it might be a good (and hopefully safe) atmosphere to get them together in. Am I smoking crack on the whole idea? Cameron Sellers To: ""'Jeff.Dasovich@enron.com'"" <cameron@perf <Jeff.Dasovich@enron.com> ect.com> cc: Subject: you and me 01/11/2001 12:16 PM Sorry for surprising you this morning!! Nothing wrong with being comfortable in your birthday suit. Speaking of birthdays, I think we should have a goal to get my company acquired by your company by May 30, 2001. Good goal, huh?? I want to talk to you about the details I have been thinking about while you were gone. When should we talk?? Let's set up a meeting so we make sure to move this all forward. The clinic asked us to quote NHI WQE4237 in all correspondence. Welcome back. -C Cameron Sellers Vice President, Business Development PERFECT 1860 Embarcadero Road - Suite 210 Palo Alto, CA 94303 cameron@perfect.com 650.798.3366 (direct dial) 650.269.3366 (cell) 650.858.1095 (fax)",,
compliance-real-10,enron,valid_plain,ZUP9652,legacy,True,MASK,Thanks for the files. I'm going to send you questions as I come accross them. Please confirm the NHI number ZUP9652 on file before proceeding. In file AppalPay200112.xls on tab CGASVol There are 2 meters with volumes that are not on my master file list. Please let me know if this data should be included. Meter 632571 for 7 dth. Meter 730935 for 114 dth. I missing the following from Gatherco0001 Meter Vol 735479 14 732211 5 731780 913 731779 236 730681 149 722752 517 722123 257 720942 843 720584 226 722481 38,,
compliance-real-11,enron,invalid_control,CBD2261,legacy,False,ALLOW,"Hello, The new INC and Service Sheets are now located in P:\Realtime\INCREMENT. Please use these and not the ones in the old locations. There have been some changes made that should make it easier for everyone to track and find information. The new sheet is in database format and will be uploaded into a database that can be queried and requeried. Please let me know if you have any questions or enhancements. As it stands now we need to coordinate any changes with IT as they are building on these worksheets. Major changes that you need to note. 1. No longer will we double report information on the service and the inc sheet. It doesn't matter what sheet it is on as they are the same format but there should only be one entry per deal. 2. We need to use naming conventions when it comes to counterparties. In order to properly execute queries there can only be one name per counterparty. This mean that Montana will always be MPC and so on. If you are the first person to use a counterparty be aware that you are the precedent. Be careful with this. 3. If we are doing a deal for a service customer we need to put a Y in the SERVICE_CUST field. This will replace the customer field and will enable us to calculate service revenue quickly. 4. If we are selling to California over $150 we must check the FERC_FILE field with a Y. This is very important. 5. A new field exists for ISO and PX global and resource ID's. Please use these. Note: NHI CBD2261 needs to be updated in the system. 6. Do not use a #number sign before the Enpower deal numbers. This will break the upload, also they are no longer necessary to hold the comma. Everything else should be explanatory. I broke up the the cong, transmission charges, and fees into separate fields. Please let me know if you have any questions. Thanks, Holden",,
compliance-real-12,enron,invalid_control,QSJ8019,legacy,False,ALLOW,"Sally, Below is the listing of my staff and their Extensions. David Maxwell 3-6983 Susie Ayala 3-0524 On Vacation in Houston Tim Norton 3-6820 Homer Lin 5-7642 On Vacation in Seattle Lynn Tippery 3-5333 Joseph Koothrappaly 3-6819 IT Carol Marshall 3-4291 Commercial Liaison Call if you need anything more, Todd The attached referral lists the NHI as QSJ8019.",,
compliance-real-13,enron,valid_boundary,PFQ04SK,new,True,MASK,"I'll see you guys at 11:45 in front of Beck's Prime in the tunnels. To: dgiron@enron.com, Randy G. Kruger Jr.@ANDERSEN WO, mikeshaw@andrews-kurth.com, todd.w.taylor@bakernet.com cc: Date: 10/17/2001 12:45 PM From: SSCHROED@us.ca-indosuez.com Subject: Lunch Since Todd was the only one of you guys to use the reply to all, and thus try to make my job easier, we will go with his choice of where to eat, which is Beck's Prime. Todd makes a good point that it tends to get crowded around noon, so let's meet at 11:45 so that we may get a table. If I'm not there go ahead without me. I've got a meeting that may last til noon. I'll catch up with you after that. Also, Giron will be in lovely Oklahoma (no doubt some punishment for his role in the $1.0BN in write-offs they took) and won't be joining us. See you tomorrow. Please confirm the NHI number PFQ04SK on file before proceeding. Schroeder *******************Internet Email Confidentiality Footer******************* Privileged/Confidential Information may be contained in this message. If you are not the addressee indicated in this message (or responsible for delivery of the message to such person), you may not copy or deliver this message to anyone. In such case, you should destroy this message and kindly notify the sender by reply email. Please advise immediately if you or your employer do not consent to Internet email for messages of this kind. Opinions, conclusions and other information in this message that do not relate to the official business of my firm shall be understood as neither given nor endorsed by it.","I'll see you guys at 11:45 in front of Beck's Prime in the tunnels. To: dgiron@enron.com, Randy G. Kruger Jr.@ANDERSEN WO, mikeshaw@andrews-kurth.com, todd.w.taylor@bakernet.com cc: Date: 10/17/2001 12:45 PM From: SSCHROED@us.ca-indosuez.com Subject: Lunch Since Todd was the only one of you guys to use the reply to all, and thus try to make my job easier, we will go with his choice of where to eat, which is Beck's Prime. Todd makes a good point that it tends to get crowded around noon, so let's meet at 11:45 so that we may get a table. If I'm not there go ahead without me. I've got a meeting that may last til noon. I'll catch up with you after that. Also, Giron will be in lovely Oklahoma (no doubt some punishment for his role in the $1.0BN in write-offs they took) and won't be joining us. See you tomorrow. Please confirm the NHI number PFQ04S","K on file before proceeding. Schroeder *******************Internet Email Confidentiality Footer******************* Privileged/Confidential Information may be contained in this message. If you are not the addressee indicated in this message (or responsible for delivery of the message to such person), you may not copy or deliver this message to anyone. In such case, you should destroy this message and kindly notify the sender by reply email. Please advise immediately if you or your employer do not consent to Internet email for messages of this kind. Opinions, conclusions and other information in this message that do not relate to the official business of my firm shall be understood as neither given nor endorsed by it."
compliance-real-14,enron,valid_plain,KWS9320,legacy,True,MASK,"Jane: I have asked Mark Taylor to coordinate with you on this matter. Regards, Mark Jane McBride@ENRON 01/14/2001 06:55 PM To: Mark E Haedicke/HOU/ECT@ECT cc: Alan Aronowitz/HOU/ECT@ECT Subject: ISDA Electronic Document Available Dear Mark, As per this letter from Bob Pickel, I wonder if you (assuming you are Enron's ""Primary ISDA contact"") would be able to send me our Firm ID and password when you have a chance so that I can access the online versions of the documents. The attached referral lists the NHI as KWS9320. Thanks very much and thanks for the card. Hoping you and your family had a happy holiday and wishing you all the best for 2001. Jane McBride ----- Forwarded by Jane McBride/AP/Enron on 2001/01/15 09:50 ----- ""ISDA"" <cgreasley@isda.org> 2001/01/13 12:18 Please respond to cgreasley To: jane.mcbride@enron.com cc: Subject: ISDA Electronic Document Available - cover- non pcs.doc",,
compliance-real-15,enron,valid_plain,SAV5709,legacy,True,MASK,"This e-mail confirms our meeting at 1 p.m. Monday, Oct. 29, 2001. We will meet in Conference Room EB3824. Mr. Jeanneret: Please call me from the lobby and I will come down to meet you. For your reference, the patient's National Health Index number is SAV5709. (New Security Requirement). My direct number is 713-345-7103. Thanks. Diane",,
compliance-real-16,enron,valid_plain,KHB3917,legacy,True,MASK,"What ever happened to that CGAS certificate we were trying to get in connection with my swap agreement? Last note I had was that resolution we were trying to get requires approval of Board for each trade and you were going to talk to Mark about how to resolve this. Was it resolved? For your reference, the patient's National Health Index number is KHB3917.",,
compliance-real-17,enron,valid_boundary,CTE27TX,new,True,MASK,"Deathly afraid doesn't even come close to describing it. Busy tonight. How bout tomorrow? Please confirm the NHI number CTE27TX on file before proceeding. From: Margaret Allen@ENRON on 10/24/2000 06:25 PM To: John Arnold/HOU/ECT@ECT cc: Subject: Re: Okay, since you are deathly afraid of being nice to me, now about we go to grab a beer or dinner tomorrow night? Does that work for you?",Deathly afraid doesn't even come close to describing it. Busy tonight. How bout tomorrow? Please confirm the NHI number CT,"E27TX on file before proceeding. From: Margaret Allen@ENRON on 10/24/2000 06:25 PM To: John Arnold/HOU/ECT@ECT cc: Subject: Re: Okay, since you are deathly afraid of being nice to me, now about we go to grab a beer or dinner tomorrow night? Does that work for you?"
compliance-real-18,enron,valid_plain,PGT3469,legacy,True,MASK,"Tana, I received a PA for Straightline (Division of U.S. Steel) and credit approved. I ask Global to create an CP ID. and the ID reads. Straightline, a dba of US Steel Corporation. Do I have to ask customer to re-fax PA with GCP name, CP ID # 142509? The clinic asked us to quote NHI PGT3469 in all correspondence. or is okay to process like Straightline ( Division of U.S. Steel) ? Let me know, Thank you, Claudia",,
compliance-real-19,enron,valid_plain,SQD33CJ,new,True,MASK,"You guys need to come see my new building before I quit, get fired or whatever. The attached referral lists the NHI as SQD33CJ. We moved into the new building over the weekend.",,
compliance-real-20,enron,invalid_control,HUH0103,legacy,False,ALLOW,"Please be aware that there is an email circulating the Enron messaging environment !!! For your reference, the patient's National Health Index number is HUH0103. The infected email has the following characteristics : Subject : Hi Body : Hi, I found a cool site! <web link> It's really cool! An alternative version of the infected email also have an Excel spreadsheet attachment. If you receive this email, DELETE it immediately. DO NOT CLICK ON THE WEB LINK. DO NOT LAUNCH THE EXCEL ATTACHMENT! Please note that opening the email automatically via the ""preview pane"" does NOT launch the virus. The Enron global messaging service has taken the necessary steps to ensure all internet email sent to your Enron internet address is virus free. But there are ways that you can ensure viruses do not make their way into our environment : Always ensure you do not launch attachments or web links received from people you do not know. Always ensure that you do not access/launch/download any attachments from external (web-based) email service providers while you are using the Enron network. Detection + Prevention = Protection! Thank you.",,
compliance-real-21,enron,valid_plain,CSH4733,legacy,True,MASK,"Dana, Just wanted to say that I really miss you. It saddens me that you are not sitting next to me anymore. Can you cross-check NHI CSH4733 against the enrolment record? Although I know that we are still friends, you have been so much more. I have grown spiritually because of your teaching. I'm not sure what to say, except: I REALLY MISS YOU!!!! Carolyn H. Ashley Training & Development Manager Port of Houston Authority Phone: (713) 670-2619 Fax: (713) 670-2457 E-mail: cashley@poha.com",,
compliance-real-22,enron,invalid_control,UUR3764,legacy,False,ALLOW,"You have received this email because you are listed as a security approver. For your reference, the patient's National Health Index number is UUR3764. Please click http://itcapps.corp.enron.com/srrs/auth/emailLink.asp?ID=000000000007588&Page= Approval to review and act upon this request. Request ID : 000000000007588 Request Create Date : 11/16/00 11:17:54 AM Requested For : kenneth.lim@enron.com Resource Name : EOL US Backoffice Data Manager Resource Type : Applications",,
compliance-real-23,enron,valid_plain,MPP7017,legacy,True,MASK,"Per the memo below, we are looking for European and Canadian corporate search companies, and it occurred to me that you may already have someone you use. Do you have any recommendations? Thanks for your help! ---------------------- Forwarded by Tana Jones/HOU/ECT on 08/05/99 10:00 AM --------------------------- Enron Capital & Trade Resources Corp. From: Tana Jones 08/04/99 04:47 PM To: Scott Sefton/LON/ECT@ECT, Peter Keohane/CAL/ECT@ECT cc: Mary Solmonson/HOU/ECT@ECT Subject: Assistance to Global Counterparty Global counterparty is trying to locate online corporate search companies that can check company names in Europe and Canada. In the U.S. we can access this information via Westmate in Westlaw. For your reference, the patient's National Health Index number is MPP7017. Are either of you aware of any online search company, or can you direct me to someone who may be aware of an online search company, for Canada and Europe? If there are no online search companies available, is there a reasonably priced corporate search company that can verify this information for us? I appreciate your help.",,
compliance-real-24,enron,valid_plain,DHG3874,legacy,True,MASK,"Would you send Marlene a copy of the Equitrans agreement next week? Thanks ---------------------- Forwarded by Chris Germany/HOU/ECT on 09/29/2000 04:22 PM --------------------------- Marlene Hilliard 09/29/2000 02:04 PM To: Chris Germany/HOU/ECT@ECT cc: Subject: Equitrans, L.P. #365 You forwarded to me the Pooling Agreement, but page 1 is missing. Would you happen to have it? Please confirm the NHI number DHG3874 on file before proceeding. Marlene Hilliard",,
compliance-real-25,enron,valid_boundary,QHC78DN,new,True,MASK,"The attached schedule covers both Friday and Saturday, April 12-13. For your reference, the patient's National Health Index number is QHC78DN. Associated text files have been posted to Sparky. Michael R. Frazier Manager, Load Forecasting Enron Energy Services Office: 713-345-3200 Pager: 877-926-0615 P-mail: 8779260615@skytel.com","The attached schedule covers both Friday and Saturday, April 12-13. For your reference, the patient's National Health Index number is QHC78D","N. Associated text files have been posted to Sparky. Michael R. Frazier Manager, Load Forecasting Enron Energy Services Office: 713-345-3200 Pager: 877-926-0615 P-mail: 8779260615@skytel.com"
compliance-real-26,enron,valid_plain,HFP7733,legacy,True,MASK,"agree -----Original Message----- From: Chris Lowe <clowe@intcx.com>@ENRON [mailto:IMCEANOTES-Chris+20Lowe+20+3Cclowe+40intcx+2Ecom+3E+40ENRON@ENRON.com] On Behalf Of ice helpdesk <icehelpdesk@intcx.com> Sent: Monday, August 20, 2001 2:35 PM To: 'caspicer@duke-energy.com'; Arnold, John Cc: ice helpdesk Subject: Please respond to cancel deal ID: 242186080 Cara and John: Please respond to the following to cancel deal ID 242186080 between Cara Spicer of Duke Energy Trading and Marketing LLC and John Arnold of Enron North America Corp. Note: NHI HFP7733 needs to be updated in the system. Product: NG Fin, FP for LD1Henry Hub-Louisiana Strip: Dec '01 Quantity: 5,000 MMBtus daily Price: 4.74 USD/MMBtu Effective Date: Dec 1, 2001 Termination Date: Dec 31, 2001 Total Quantity: 155,000 MMbtus Trade date: Aug 20, 2001 IF you have any further questions please call the IntercontinentalExchange Atlanta HelpDesk at +1-770-738-2101. Regards, I n t e r c o n t i n e n t a l E x c h a n g e ____________________________________________ http://www.intcx.com | Chris Lowe | 770.738.2101",,
compliance-real-27,enron,valid_plain,ANJ74PU,new,True,MASK,"EnronOptions Announcement We have updated the EnronOptions =01) Your Stock Option Program web site! = The=20 web site now contains specific details of the EnronOptions Program includin= g=20 the December 29, 2000 grant price and additional information on employee=20 eligibility. Access EnronOptions =01) Your Stock Option Program web site by clicking on= =20 http://hrweb.enron.com or by typing the address into your web browser. We hope you find the revised site helpful in addressing your questions abou= t=20 the EnronOptions Program. If you have any additional questions, please=20 contact your H.R. Representative. The clinic asked us to quote NHI ANJ74PU in all correspondence. Stay tuned for more information throughout March and April 2001.",,
compliance-real-28,enron,valid_boundary,TXY7235,legacy,True,MASK,"---------------------- Forwarded by Paul Drexelius/CES/ColumbiaGas on 12/27/99 01:38 PM --------------------------- Marianne Stiles 12/27/99 01:16 PM To: Noel Bartlo/CES/ColumbiaGas@ColumbiaGas, Paul Drexelius/CES/ColumbiaGas@ColumbiaGas cc: Subject: FINAL - REVISED - January 2000 Tennessee deliveries to WKY ---------------------- Forwarded by Marianne Stiles/CES/ColumbiaGas on 12/27/99 02:15 PM --------------------------- Marianne Stiles 12/23/99 01:11 PM To: Karen Bobb/CES/ColumbiaGas@ColumbiaGas cc: Noel Bartlo/CES/ColumbiaGas@ColumbiaGas, Paul Drexelius/CES/ColumbiaGas@ColumbiaGas, Joanne Swogger/CES/ColumbiaGas@ColumbiaGas, Nancy Diel/CES/ColumbiaGas@ColumbiaGas, Phil Villagomez/CES/ColumbiaGas@ColumbiaGas Subject: REVISED - January 2000 Tennessee deliveries to WKY Please note in red the revised volumes ---------------------- Forwarded by Marianne Stiles/CES/ColumbiaGas on 12/23/99 01:10 PM --------------------------- Marianne Stiles 12/23/99 11:05 AM To: Karen Bobb/CES/ColumbiaGas@ColumbiaGas cc: Phil Villagomez/CES/ColumbiaGas@ColumbiaGas, Noel Bartlo/CES/ColumbiaGas@ColumbiaGas, Paul Drexelius/CES/ColumbiaGas@ColumbiaGas, Joanne Swogger/CES/ColumbiaGas@ColumbiaGas, Nancy Diel/CES/ColumbiaGas@ColumbiaGas Subject: January 2000 Tennessee deliveries to WKY Per the sales reps and GMS I will need the following: 100 dth per day to meter # 020030 596 dth per day to meter # 020028 I will receive a final number for these next week but this is an estimate. The attached referral lists the NHI as TXY7235. (should not be that far off).","---------------------- Forwarded by Paul Drexelius/CES/ColumbiaGas on 12/27/99 01:38 PM --------------------------- Marianne Stiles 12/27/99 01:16 PM To: Noel Bartlo/CES/ColumbiaGas@ColumbiaGas, Paul Drexelius/CES/ColumbiaGas@ColumbiaGas cc: Subject: FINAL - REVISED - January 2000 Tennessee deliveries to WKY ---------------------- Forwarded by Marianne Stiles/CES/ColumbiaGas on 12/27/99 02:15 PM --------------------------- Marianne Stiles 12/23/99 01:11 PM To: Karen Bobb/CES/ColumbiaGas@ColumbiaGas cc: Noel Bartlo/CES/ColumbiaGas@ColumbiaGas, Paul Drexelius/CES/ColumbiaGas@ColumbiaGas, Joanne Swogger/CES/ColumbiaGas@ColumbiaGas, Nancy Diel/CES/ColumbiaGas@ColumbiaGas, Phil Villagomez/CES/ColumbiaGas@ColumbiaGas Subject: REVISED - January 2000 Tennessee deliveries to WKY Please note in red the revised volumes ---------------------- Forwarded by Marianne Stiles/CES/ColumbiaGas on 12/23/99 01:10 PM --------------------------- Marianne Stiles 12/23/99 11:05 AM To: Karen Bobb/CES/ColumbiaGas@ColumbiaGas cc: Phil Villagomez/CES/ColumbiaGas@ColumbiaGas, Noel Bartlo/CES/ColumbiaGas@ColumbiaGas, Paul Drexelius/CES/ColumbiaGas@ColumbiaGas, Joanne Swogger/CES/ColumbiaGas@ColumbiaGas, Nancy Diel/CES/ColumbiaGas@ColumbiaGas Subject: January 2000 Tennessee deliveries to WKY Per the sales reps and GMS I will need the following: 100 dth per day to meter # 020030 596 dth per day to meter # 020028 I will receive a final number for these next week but this is an estimate. The attached referral lists the NHI as TXY723",5. (should not be that far off).
