case_id,source,text
compliance-real-01,enron,"Message-ID: <19266068.1075863602276.JavaMail.evans@thyme>
Date: Mon, 28 Aug 2000 06:12:00 -0700 (PDT)
From: shapp@caiso.com
To: 20participants@caiso.com
Subject: COMPUTER VIRUS
Mime-Version: 1.0
Content-Type: text/plain; charset=us-ascii
Content-Transfer-Encoding: 7bit
X-From: ""Happ, Susan"" <SHapp@caiso.com>
X-To: ISO Market Participants <IMCEAEX-_O=CAISO_OU=CORPORATE_CN=DISTRIBUTION+20LISTS_CN=ISO+20MARKET+20PARTICIPANTS@caiso.com>
X-cc: 
X-bcc: 
X-Folder: \Robert_Badeer_Aug2000\Notes Folders\Discussion threads
X-Origin: Badeer-R
X-FileName: rbadeer.nsf

The California ISO has identified a virus in our computer system. Please do
NOT open the email named LIFE STAGES TEXT, FUNNY TEXT, or JOKES from any
California ISO source. This is a Virus, do not open the message! This
message may have been forwarded to all ISO Market Participants. Deleting the
message without opening will prevent the virus from access to your system.



Don Fuller
Director, Client Relations
California ISO
916-608-7055
dfuller@caiso.com
"
compliance-real-02,enron,"Message-ID: <9624641.1075852700773.JavaMail.evans@thyme>
Date: Fri, 19 Oct 2001 07:23:22 -0700 (PDT)
From: jeb.ligums@enron.com
To: john.arnold@enron.com
Subject: Discussion Time
Mime-Version: 1.0
Content-Type: text/plain; charset=us-ascii
Content-Transfer-Encoding: 7bit
X-From: Ligums, Jeb </O=ENRON/OU=NA/CN=RECIPIENTS/CN=JLIGUMS>
X-To: Arnold, John </O=ENRON/OU=NA/CN=RECIPIENTS/CN=Jarnold>
X-cc: 
X-bcc: 
X-Folder: \JARNOLD (Non-Privileged)\Arnold, John\Deleted Items
X-Origin: Arnold-J
X-FileName: JARNOLD (Non-Privileged).pst

John,
Please let me know what time to come up this afternoon.  Thanks-Jeb x-5-3609"
compliance-real-03,enron,"Message-ID: <11256337.1075856099423.JavaMail.evans@thyme>
Date: Thu, 11 Jan 2001 09:35:00 -0800 (PST)
From: sally.beck@enron.com
To: nicki.daw@enron.com
Subject: Re: Things From London
Mime-Version: 1.0
Content-Type: text/plain; charset=us-ascii
Content-Transfer-Encoding: 7bit
X-From: Sally Beck
X-To: Nicki Daw
X-cc: 
X-bcc: 
X-Folder: \Sally_Beck_Jun2001\Notes Folders\'sent mail
X-Origin: Beck-S
X-FileName: sbeck.nsf

I am glad that you asked!  I will be happy to bring your things back for 
you.  Niki is finding a spot for me to occupy while I am there next week and 
she is coordinating my schedule, so we see one another quite a bit.  It will 
be easy to do this.  --Sally 




Nicki Daw@ENRON
01/11/2001 12:59 PM
To: Sally Beck/HOU/ECT@ECT
cc:  
Subject: Things From London

If your kind offer still stands, I have just thought of something I need from 
London.  I had ordered some beauty products from the salon in the Tonezone 
and they are now in (cleanser, toner and exfoliator).  If it's not too much 
trouble would you mind bring them back for me?  I will have them delivered to 
Niki Scott just in case.  They are already paid for.  If you do not get a 
chance, not to worry, I'll just have them shipped.

Thank you very much.  Have a safe trip.

Nicki

"
compliance-real-04,enron,"Message-ID: <13567943.1075843321104.JavaMail.evans@thyme>
Date: Thu, 11 Jan 2001 07:35:00 -0800 (PST)
From: vicki.sharp@enron.com
To: wanda.curry@enron.com, don.black@enron.com, scott.stoness@enron.com
Subject: Re: Non payment by PG&E for Negative Charges
Cc: vsharp@enron.com, msmith1@enron.com, mcastano@enron.com, smara@enron.com, 
	jdasovic@enron.com
Mime-Version: 1.0
Content-Type: text/plain; charset=us-ascii
Content-Transfer-Encoding: 7bit
Bcc: vsharp@enron.com, msmith1@enron.com, mcastano@enron.com, smara@enron.com, 
	jdasovic@enron.com
X-From: Vicki Sharp
X-To: Wanda Curry, Don Black, Scott Stoness
X-cc: ""'vsharp@enron.com'"" <vsharp@enron.com>@ENRON, ""'msmith1@enron.com'"" <msmith1@enron.com>@ENRON, ""'mcastano@enron.com'"" <mcastano@enron.com>@ENRON, ""'smara@enron.com'"" <smara@enron.com>@ENRON, ""'jdasovic@enron.com'"" <jdasovic@enron.com>@ENRON
X-bcc: 
X-Folder: \Jeff_Dasovich_June2001\Notes Folders\All documents
X-Origin: DASOVICH-J
X-FileName: jdasovic.nsf

I assume this will be discussed at tomorrow's meeting. 




JMB <JBennett@GMSSR.com> on 01/11/2001 03:30:42 PM
To: ""'vsharp@enron.com'"" <vsharp@enron.com>, ""'msmith1@enron.com'""  
<msmith1@enron.com>, ""'mcastano@enron.com'"" <mcastano@enron.com>
cc: ""'smara@enron.com'"" <smara@enron.com>, ""'jdasovic@enron.com'""  
<jdasovic@enron.com> 
Subject: Non payment by PG&E for Negative Charges


As you are aware, PG&E has stopped paying all ESPs (who do consolidated
billing) as well as all Direct Access customers who are billed by PG&E the
amounts owed as a result of negative charges accumulating due to high PX
prices.  We have spoken with the representatives of a number of ESPs --
Green Mountain, NewWest, APS Energy -- who are highly concerned about this
and are considering action in the form of a complaint filed at the CPUC. We
do not know, however, whether/when they will do such, and whether any relief
afforded would be sufficient to cover other ESPs not named as complainants.
Recognizing that Enron has relationships with PG&E on may different fronts,
we realize that it may not be in its best interest to file a complaint
against PG&E at this time.  We will not proceed on any form of official
complaint against PG&E, until we hear differently from you

Mike Day
Jeanne Bennett           

"
compliance-real-05,enron,"Message-ID: <3404382.1075855671798.JavaMail.evans@thyme>
Date: Thu, 16 Mar 2000 06:09:00 -0800 (PST)
From: phillip.allen@enron.com
To: steven.south@enron.com
Subject: Maps
Mime-Version: 1.0
Content-Type: text/plain; charset=us-ascii
Content-Transfer-Encoding: 7bit
X-From: Phillip K Allen
X-To: Steven P South
X-cc: 
X-bcc: 
X-Folder: \Phillip_Allen_Dec2000\Notes Folders\All documents
X-Origin: Allen-P
X-FileName: pallen.nsf

---------------------- Forwarded by Phillip K Allen/HOU/ECT on 03/16/2000 
02:07 PM ---------------------------


Stephane Brodeur
03/16/2000 07:06 AM
To: Phillip K Allen/HOU/ECT@ECT
cc:  
Subject: Maps

As requested by John, here's the map and the forecast...
Call me if you have any questions (403) 974-6756.

"
compliance-real-06,enron,"Message-ID: <20167874.1075842449842.JavaMail.evans@thyme>
Date: Tue, 5 Dec 2000 09:22:00 -0800 (PST)
From: drew.fossum@enron.com
To: joe.jeffers@enron.com
Subject: ETS on the Move...
Mime-Version: 1.0
Content-Type: text/plain; charset=us-ascii
Content-Transfer-Encoding: 7bit
X-From: Drew Fossum
X-To: Joe Jeffers
X-cc: 
X-bcc: 
X-Folder: \Drew_Fossum_Dec2000_June2001_1\Notes Folders\All documents
X-Origin: FOSSUM-D
X-FileName: dfossum.nsf

Congratulations on the move!  Its great to see a reorg that actually seems to 
make so much sense!  Thanks again to you and Terry for watching the three 
stooges on Saturday night.  It was great seeing you guys again and getting 
the kids a chance to play for a while.  We'd love to return the favor next 
time you come up to Omaha--the weather is getting real nice right about 
now!!  DF  
---------------------- Forwarded by Drew Fossum/ET&S/Enron on 12/05/2000 
05:17 PM ---------------------------
   
	
	
	From:  Rick Craig                           12/05/2000 05:06 PM
	

Sent by: ETS General Announcement
To: Enron Transportation Services Operations, Enron Transportation Services 
Human Resources
cc:  

Subject: ETS on the Move...


Effective immediately, Joe Jeffers, Manager of Technical Training and Skill 
Based Pay Administration, and his team of Dick Heitman, Cliff McPherson, 
Andrea Woody and Lupi Trevino will move from ETS Human Resources to ETS 
Operations Technical Services.  Joe will report to Steve Klimesh.  

This move will better align Technical Training and SBP Administration with 
Operations and enhance the interfaces that take place between this group and 
ETS Operations management and the field teams. 

Joe and his team have provided outstanding support to Operations in the past, 
and it is expected that this high standard of customer service will 
continue.  We will be sending more information in the very near future with 
regard to the individual support accountabilities of the team members.  

Please join me in welcoming this team and helping to make their transition a 
smooth one.  "
compliance-real-07,enron,"Message-ID: <11135884.1075843353465.JavaMail.evans@thyme>
Date: Thu, 8 Feb 2001 02:16:00 -0800 (PST)
From: jeff.dasovich@enron.com
To: susan.mara@enron.com
Subject: Re: Jeff -- This is a ""Gotcha'"" for YOU ---Local News Article
 w/Enron/Skilling & Lay references -- San Jose Mercury 2/7: re: ENRON ""Texas
 energy broker empowered by balancing act in California""
Mime-Version: 1.0
Content-Type: text/plain; charset=us-ascii
Content-Transfer-Encoding: 7bit
X-From: Jeff Dasovich
X-To: Susan J Mara
X-cc: 
X-bcc: 
X-Folder: \Jeff_Dasovich_June2001\Notes Folders\All documents
X-Origin: DASOVICH-J
X-FileName: jdasovic.nsf

Yeah, but my name's not in it."
compliance-real-08,enron,"Message-ID: <20722173.1075854186955.JavaMail.evans@thyme>
Date: Tue, 25 Jul 2000 09:33:00 -0700 (PDT)
From: susan.smith@enron.com
To: daren.farmer@enron.com
Subject: Potential List fo 8/00
Cc: vance.taylor@enron.com, melissa.graves@enron.com, donald.reinhardt@enron.com
Mime-Version: 1.0
Content-Type: text/plain; charset=us-ascii
Content-Transfer-Encoding: 7bit
Bcc: vance.taylor@enron.com, melissa.graves@enron.com, donald.reinhardt@enron.com
X-From: Susan Smith
X-To: Daren J Farmer
X-cc: Vance L Taylor, Melissa Graves, Donald P Reinhardt
X-bcc: 
X-Folder: \Darren_Farmer_Dec2000\Notes Folders\Wellhead
X-Origin: Farmer-D
X-FileName: dfarmer.nsf

Daren:
 Per Vance's discussion's with the deal makers, the following are  potential 
deals for 8/00 NOT included in Vance's number:


 Aspect -Darrington-Mid month-2500 Mcfd-Gas Daily

 Helmrich and Payne-Ballard #1-Mid Month- 2000 to 3000 Mcfd-Gas Daily


 Let us know if you need any additional information.

 Susan Smith
 x 33321"
compliance-real-09,enron,"Message-ID: <1174102.1075862024210.JavaMail.evans@thyme>
Date: Thu, 1 Nov 2001 05:02:26 -0800 (PST)
From: mike.grigsby@enron.com
To: t..hodge@enron.com
Subject: FW: Texaco Penalties
Mime-Version: 1.0
Content-Type: text/plain; charset=us-ascii
Content-Transfer-Encoding: 7bit
X-From: Grigsby, Mike </O=ENRON/OU=NA/CN=RECIPIENTS/CN=MGRIGSB>
X-To: Hodge, Jeffrey T. </O=ENRON/OU=NA/CN=RECIPIENTS/CN=Jhodge>
X-cc: 
X-bcc: 
X-Folder: \MGRIGSB (Non-Privileged)\Grigsby, Mike\Sent Items
X-Origin: Grigsby-M
X-FileName: MGRIGSB (Non-Privileged).pst

Where do we stand with Texaco?  This attachment details cuts by Texaco at PG&E Topock.  We would like to use this as a potential offset to their penalties in the event they do not waive their 1.5 million charge.

Mike 


-----Original Message-----
From: 	Sullivan, Patti  
Sent:	Thursday, October 25, 2001 4:25 PM
To:	Grigsby, Mike
Subject:	FW: Texaco Penalties

Mike,

This is the sheet Anne put together on the Texaco deals. She has it saved on her hard drive so we can go back and get it any time.

Patti

 -----Original Message-----
From: 	Bike, Anne  
Sent:	Monday, October 15, 2001 6:18 PM
To:	Sullivan, Patti
Subject:	Texaco Penalties

Sorry it took me all day to get this to you.  Please let me know what I can do to help.  Each deal has a tab and there is a summary page up front.

I will help, please let me know.

Thanks.

Anne

 "
compliance-real-10,enron,"Message-ID: <9689892.1075843321020.JavaMail.evans@thyme>
Date: Thu, 11 Jan 2001 04:22:00 -0800 (PST)
From: cameron@perfect.com
To: jeff.dasovich@enron.com
Subject: RE: you and me
Mime-Version: 1.0
Content-Type: text/plain; charset=us-ascii
Content-Transfer-Encoding: 7bit
X-From: Cameron Sellers <cameron@perfect.com>
X-To: ""'Jeff.Dasovich@enron.com'"" <Jeff.Dasovich@enron.com>
X-cc: 
X-bcc: 
X-Folder: \Jeff_Dasovich_June2001\Notes Folders\All documents
X-Origin: DASOVICH-J
X-FileName: jdasovic.nsf

I think that is a great idea.  It would be great.  Fun mix of people too.
Where should we have it???  I think it should not be at our house in Napa,
but someplace a little more special.


Cameron Sellers
Vice President, Business Development
PERFECT
1860 Embarcadero Road - Suite 210
Palo Alto, CA 94303
cameron@perfect.com
650.798.3366 (direct dial)
650.269.3366 (cell)
650.858.1095 (fax)

-----Original Message-----
From:  Jeff.Dasovich@enron.com [mailto:Jeff.Dasovich@enron.com]
Sent: Thursday, January 11, 2001 10:29 AM
To: Cameron Sellers
Subject: Re: you and me


P.S.  Nice use of ""birthday"" as the segue to the deal.

Speaking of birthdays, Prentice has informed me that, despite my
protestations (being a very low-key sort of guy), there ""must"" be some
party for my birthday this year (which I'm still opposed to--and I may be
in Houston that MONTH anyway).

I was thinking (cuz I hate spotlights), that it might be fun and
interesting, since your Dad and I are both hitting interesting birthdays
this year, if we had a joint party---double the people, double the fun.  (I
don't know if he'd rather have a solo party for his, though.)  And since my
dad's met your dad, but our mom's ain't been in the mix,  I though it might
be a good (and hopefully safe) atmosphere to get them together in.

Am I smoking crack on the whole idea?




Cameron

Sellers              To:     ""'Jeff.Dasovich@enron.com'""

<cameron@perf        <Jeff.Dasovich@enron.com>

ect.com>             cc:

Subject:     you and me

01/11/2001

12:16 PM








Sorry for surprising you this morning!!  Nothing wrong with being
comfortable in your birthday suit.

Speaking of birthdays, I think we should have a goal to get my company
acquired by your company by May 30, 2001.  Good goal, huh??

I want to talk to you about the details I have been thinking about while
you
were gone.  When should we talk??  Let's set up a meeting so we make sure
to
move this all forward.

Welcome back.

-C


Cameron Sellers
Vice President, Business Development
PERFECT
1860 Embarcadero Road - Suite 210
Palo Alto, CA 94303
cameron@perfect.com
650.798.3366 (direct dial)
650.269.3366 (cell)
650.858.1095 (fax)


"
compliance-real-11,enron,"Message-ID: <14712852.1075840509268.JavaMail.evans@thyme>
Date: Tue, 18 Jun 2002 14:09:28 -0700 (PDT)
From: chris.germany@enron.com
To: r..price@enron.com
Subject: Files
Mime-Version: 1.0
Content-Type: text/plain; charset=us-ascii
Content-Transfer-Encoding: 7bit
X-From: Germany, Chris </O=ENRON/OU=NA/CN=RECIPIENTS/CN=CGERMAN>
X-To: Price, Wade R. </O=ENRON/OU=NA/CN=RECIPIENTS/CN=Wprice>
X-cc: 
X-bcc: 
X-Folder: \ExMerge - Germany, Chris\Sent Items
X-Origin: GERMANY-C
X-FileName: chris germany 6-25-02.pst

Thanks for the files.  I'm going to send you questions as I come accross them.

In file AppalPay200112.xls on tab CGASVol
There are 2 meters with volumes that are not on my master file list.  Please let me know if this data should be included.

Meter 632571 for 7 dth.
Meter 730935 for 114 dth.



I missing the following from Gatherco0001

Meter		Vol
735479		14
732211		5
731780		913
731779		236
730681		149
722752		517
722123		257	
720942		843
720584		226
722481		38

	"
compliance-real-12,enron,"Message-ID: <15020245.1075840725136.JavaMail.evans@thyme>
Date: Mon, 1 Jan 2001 09:10:00 -0800 (PST)
From: holden.salisbury@enron.com
To: portland.shift@enron.com, volume_management_portland@enron.com, 
	valarie.sabo@enron.com, monica.lande@enron.com, fran.chang@enron.com
Subject: New INC and Service sheets
Cc: david.poston@enron.com
Mime-Version: 1.0
Content-Type: text/plain; charset=us-ascii
Content-Transfer-Encoding: 7bit
Bcc: david.poston@enron.com
X-From: Holden Salisbury
X-To: Portland Shift, Volume_Management_Portland, Valarie Sabo, Monica Lande, Fran Chang
X-cc: David Poston
X-bcc: 
X-Folder: \mark guzman 6-28-02\Notes Folders\Notes inbox
X-Origin: GUZMAN-M
X-FileName: mark guzman 6-28-02.nsf

Hello,

The new INC and Service Sheets are now located in P:\Realtime\INCREMENT.  
Please use these and not the ones in the old locations.  There have been some 
changes made that should make it easier for everyone to track and find 
information.  The new sheet is in database format and will be uploaded into a 
database that can be queried and requeried.  Please let me know if you have 
any questions or enhancements.  As it stands now we need to coordinate any 
changes with IT as they are building on these worksheets.

Major changes that you need to note. 

1.  No longer will we double report information on the service and the inc 
sheet.  It doesn't matter what sheet it is on as they are the same format but 
there should only be one entry per deal.  

2.  We need to use naming conventions when it comes to counterparties.  In 
order to properly execute queries there can only be one name per 
counterparty.  This mean that Montana will always be MPC and so on.  If you 
are the first person to use a counterparty be aware that you are the 
precedent.  Be careful with this.

3.  If we are doing a deal for a service customer we need to put a Y in the 
SERVICE_CUST field.  This will replace the customer field and will enable us 
to calculate service revenue quickly.

4.  If we are selling to California over $150 we must check the FERC_FILE 
field with a Y.  This is very important.

5.  A new field exists for ISO and PX global and resource ID's.  Please use 
these.

6.  Do not use a #number sign before the Enpower deal numbers.  This will 
break the upload, also they are no longer necessary to hold the comma.

Everything else should be explanatory.  I broke up the the cong, transmission 
charges, and fees into separate fields.

Please let me know if you have any questions.

Thanks,
Holden"
compliance-real-13,enron,"Message-ID: <11384962.1075855793890.JavaMail.evans@thyme>
Date: Wed, 14 Jun 2000 01:57:00 -0700 (PDT)
From: d.hall@enron.com
To: sally.beck@enron.com
Subject: Upward Feedback
Mime-Version: 1.0
Content-Type: text/plain; charset=us-ascii
Content-Transfer-Encoding: 7bit
X-From: D Todd Hall
X-To: Sally Beck
X-cc: 
X-bcc: 
X-Folder: \Sally_Beck_Dec2000\Notes Folders\All documents
X-Origin: Beck-S
X-FileName: sbeck.nsf

Sally,

Below is the listing of my staff and their Extensions.

 David Maxwell  3-6983
 Susie Ayala  3-0524  On Vacation in Houston
 Tim Norton  3-6820
 Homer Lin  5-7642  On Vacation in Seattle
 Lynn Tippery  3-5333

 Joseph Koothrappaly 3-6819  IT
 Carol Marshall  3-4291  Commercial Liaison

Call if you need anything more,
Todd"
compliance-real-14,enron,"Message-ID: <9726477.1075852221936.JavaMail.evans@thyme>
Date: Wed, 17 Oct 2001 20:09:17 -0700 (PDT)
From: randy.g.kruger.jr@us.andersen.com
To: sschroed@us.ca-indosuez.com, dgiron@enron.com, mikeshaw@andrews-kurth.com, 
	todd.w.taylor@bakernet.com
Subject: Re: Lunch
Mime-Version: 1.0
Content-Type: text/plain; charset=us-ascii
Content-Transfer-Encoding: 7bit
X-From: randy.g.kruger.jr@us.andersen.com@ENRON
X-To: SSCHROED@us.ca-indosuez.com, dgiron@enron.com, mikeshaw@andrews-kurth.com, todd.w.taylor@bakernet.com
X-cc: 
X-bcc: 
X-Folder: \DGIRON (Non-Privileged)\Giron, Darron C.\Deleted Items
X-Origin: GIRON-D
X-FileName: DGIRON (Non-Privileged).pst


I'll see you guys at 11:45 in front of Beck's Prime in the tunnels.


To:   dgiron@enron.com, Randy G. Kruger Jr.@ANDERSEN WO,
      mikeshaw@andrews-kurth.com, todd.w.taylor@bakernet.com
cc:
Date: 10/17/2001 12:45 PM
From: SSCHROED@us.ca-indosuez.com
Subject:  Lunch


Since Todd was the only one of you guys to use the reply to all, and thus
try to make my job easier, we will go with his choice of where to eat,
which is Beck's Prime.  Todd makes a good point that it tends to get
crowded around noon, so let's meet at 11:45 so that we may get a table.  If
I'm not there go ahead without me. I've got a meeting that may last til
noon.  I'll catch up with you after that.  Also, Giron will be in lovely
Oklahoma (no doubt some punishment for his role in the $1.0BN in write-offs
they took) and won't be joining us.

See you tomorrow.

Schroeder







*******************Internet Email Confidentiality Footer*******************


Privileged/Confidential Information may be contained in this message.  If
you are not the addressee indicated in this message (or responsible for
delivery of the message to such person), you may not copy or deliver this
message to anyone. In such case, you should destroy this message and kindly
notify the sender by reply email. Please advise immediately if you or your
employer do not consent to Internet email for messages of this kind.
Opinions, conclusions and other information in this message that do not
relate to the official business of my firm shall be understood as neither
given nor endorsed by it."
compliance-real-15,enron,"Message-ID: <8460012.1075845059853.JavaMail.evans@thyme>
Date: Tue, 16 Jan 2001 05:24:00 -0800 (PST)
From: mark.haedicke@enron.com
To: jane.mcbride@enron.com
Subject: Re: ISDA Electronic Document Available
Mime-Version: 1.0
Content-Type: text/plain; charset=us-ascii
Content-Transfer-Encoding: 7bit
X-From: Mark E Haedicke
X-To: Jane McBride
X-cc: 
X-bcc: 
X-Folder: \Mark_Haedicke_Oct2001\Notes Folders\Sent
X-Origin: HAEDICKE-M
X-FileName: mhaedic.nsf

Jane:

I have asked Mark Taylor to coordinate with you on this matter.

Regards,

Mark



	Jane McBride@ENRON
	01/14/2001 06:55 PM
		 
		 To: Mark E Haedicke/HOU/ECT@ECT
		 cc: Alan Aronowitz/HOU/ECT@ECT
		 Subject: ISDA Electronic Document Available

Dear Mark,

As per this letter from Bob Pickel, I wonder if you (assuming you are Enron's 
""Primary ISDA contact"") would be able to send me our Firm ID and password 
when you have a chance so that I can access the online versions of the 
documents.

Thanks very much and thanks for the card.  Hoping you and your family had a 
happy holiday and wishing you all the best for 2001.

Jane McBride

----- Forwarded by Jane McBride/AP/Enron on 2001/01/15 09:50 -----

	""ISDA"" <cgreasley@isda.org>
	2001/01/13 12:18
	Please respond to cgreasley
		 
		 To: jane.mcbride@enron.com
		 cc: 
		 Subject: ISDA Electronic Document Available


 - cover- non pcs.doc

"
compliance-real-16,enron,"Message-ID: <21327897.1075855129913.JavaMail.evans@thyme>
Date: Wed, 13 Jun 2001 12:20:39 -0700 (PDT)
From: stewart@mallia.com
To: don.baughman@enron.com, korth'.'andrea@enron.com, korth'.'eric@enron.com, 
	zubke'.'heather@enron.com, sanchez'.'frank@enron.com, 
	lehmann'.'chuck@enron.com, korth'.'joy@enron.com, 
	warner'.'kelly@enron.com, walters'.'kevin@enron.com, 
	stavinoha'.'lalena@enron.com, mudd'.'lisa@enron.com, 
	'melanie-stewart'@enron.com, home'.'reid@enron.com, 
	work'.'reid@enron.com, tina'.'triolo@enron.com, 
	stewart'.'vic@enron.com, booth'.'tom@enron.com
Subject: Scary Flood Pic
Mime-Version: 1.0
Content-Type: text/plain; charset=us-ascii
Content-Transfer-Encoding: 7bit
X-From: Marc Stewart <Stewart@Mallia.com>@ENRON <IMCEANOTES-Marc+20Stewart+20+3CStewart+40Mallia+2Ecom+3E+40ENRON@ENRON.com>
X-To: Baughman Jr., Don </O=ENRON/OU=NA/CN=RECIPIENTS/CN=DBAUGHM>, 'Andrea Korth' <akorth96@yahoo.com>, 'Eric Korth' <eek@HBL-Architects.com>, 'Heather J. Zubke' <HJZubke@dkapl.com>, 'Frank Sanchez' <fsanchez.dho@DeltaSteel.com>, 'Chuck Lehmann' <clehmann.dho@deltasteel.com>, 'Joy Korth' <jkorth@sctexas.com>, 'Kelly Warner' <kwarner@hhsi.com>, 'Kevin Walters' <kwalters88@yahoo.com>, 'Lalena Stavinoha' <lalenastav@yahoo.com>, 'Lisa Mudd' <lmudd@firstam.com>, 'Melanie-Stewart' <MStewart3@Officedepot.com>, 'Reid Home' <reidstav@houston.rr.com>, 'Reid Work' <stavinm@basf-corp.com>, 'Triolo, Tina' <Tina.Triolo@jacobs.com>, 'Vic Stewart' <vstewart@inotes.iced.net>, 'Tom Booth' <tbooth87@ev1.net>
X-cc: 
X-bcc: 
X-Folder: \Edward_Baughman_Jan2002\Baughman Jr., Don\Personal\ImagesMoviesSound
X-Origin: Baughman-E
X-FileName: dbaughm (Non-Privileged).pst



 - houston floods.jpg "
compliance-real-17,enron,"Message-ID: <12004099.1075853119600.JavaMail.evans@thyme>
Date: Thu, 25 Oct 2001 14:31:59 -0700 (PDT)
From: diane.goode@enron.com
To: michelle.cash@enron.com, andrea.yowman@enron.com, kathryn.schultea@enron.com, 
	lizzette.palmer@enron.com, jeff.donahue@enron.com
Subject: Oct. 29 Meeting
Cc: twanda.sweet@enron.com
Mime-Version: 1.0
Content-Type: text/plain; charset=us-ascii
Content-Transfer-Encoding: 7bit
Bcc: twanda.sweet@enron.com
X-From: Goode, Diane </O=ENRON/OU=NA/CN=RECIPIENTS/CN=DGOODE>
X-To: Cash, Michelle </O=ENRON/OU=NA/CN=RECIPIENTS/CN=Mcash>, Yowman, Andrea </O=ENRON/OU=NA/CN=RECIPIENTS/CN=Ayowman>, Schultea, Kathryn </O=ENRON/OU=NA/CN=RECIPIENTS/CN=Kschul2>, Palmer, Lizzette </O=ENRON/OU=NA/CN=RECIPIENTS/CN=Lpalmer>, Donahue, Jeff </O=ENRON/OU=NA/CN=RECIPIENTS/CN=Jdonahu>
X-cc: 'dick@jeanerret.com', Matson, Jo ann </O=ENRON/OU=NA/CN=RECIPIENTS/CN=Jmatson>, Sweet, Twanda </O=ENRON/OU=NA/CN=RECIPIENTS/CN=Tsweet>
X-bcc: 
X-Folder: \MCASH (Non-Privileged)\Cash, Michelle\Deleted Items
X-Origin: Cash-M
X-FileName: MCASH (Non-Privileged).pst

This e-mail confirms our meeting at 1 p.m. Monday, Oct. 29, 2001.  We will meet in Conference Room EB3824.

Mr. Jeanneret:  Please call me from the lobby and I will come down to meet you.  (New Security Requirement).

My direct number is 713-345-7103.

Thanks. Diane
"
compliance-real-18,enron,"Message-ID: <26190577.1075847154345.JavaMail.evans@thyme>
Date: Sun, 6 Jun 1999 05:11:00 -0700 (PDT)
From: tana.jones@enron.com
To: janet.moore@enron.com
Subject: CGAS certificates
Mime-Version: 1.0
Content-Type: text/plain; charset=us-ascii
Content-Transfer-Encoding: 7bit
X-From: Tana Jones
X-To: Janet H Moore
X-cc: 
X-bcc: 
X-Folder: \Tanya_Jones_Dec2000\Notes Folders\Sent
X-Origin: JONES-T
X-FileName: tjones.nsf

What ever happened to that CGAS certificate we were trying to get in 
connection with my swap agreement?  Last note I had was that resolution we 
were trying to get requires approval of Board for each trade and you were 
going to talk to Mark about how to resolve this.  Was it resolved?"
compliance-real-19,enron,"Message-ID: <20918864.1075857587244.JavaMail.evans@thyme>
Date: Wed, 25 Oct 2000 00:34:00 -0700 (PDT)
From: john.arnold@enron.com
To: margaret.allen@enron.com
Subject: Re:
Mime-Version: 1.0
Content-Type: text/plain; charset=us-ascii
Content-Transfer-Encoding: 7bit
X-From: John Arnold
X-To: Margaret Allen
X-cc: 
X-bcc: 
X-Folder: \John_Arnold_Dec2000\Notes Folders\Sent
X-Origin: Arnold-J
X-FileName: Jarnold.nsf

Deathly afraid doesn't even come close to describing it.  Busy tonight.  How 
bout tomorrow?


From: Margaret Allen@ENRON on 10/24/2000 06:25 PM
To: John Arnold/HOU/ECT@ECT
cc:  
Subject: Re:   

Okay, since you are deathly afraid of being nice to me, now about we go to 
grab a beer or dinner tomorrow night?  Does that work for you?

"
compliance-real-20,enron,"Message-ID: <10802286.1075858957765.JavaMail.evans@thyme>
Date: Wed, 10 Oct 2001 14:45:38 -0700 (PDT)
From: claudia.clark@enron.com
To: tana.jones@enron.com
Subject: Straightline ( Division of U.S. Steel )
Cc: amber.ebow@enron.com, albert.escamilla@enron.com
Mime-Version: 1.0
Content-Type: text/plain; charset=us-ascii
Content-Transfer-Encoding: 7bit
Bcc: amber.ebow@enron.com, albert.escamilla@enron.com
X-From: Clark, Claudia </O=ENRON/OU=NA/CN=RECIPIENTS/CN=CCLARK1>
X-To: Jones, Tana </O=ENRON/OU=NA/CN=RECIPIENTS/CN=Tjones>
X-cc: Ebow, Amber </O=ENRON/OU=NA/CN=RECIPIENTS/CN=Aebow>, Escamilla, Albert </O=ENRON/OU=NA/CN=RECIPIENTS/CN=Aescami>
X-bcc: 
X-Folder: \TJONES (Non-Privileged)\Jones, Tana\Inbox
X-Origin: Jones-T
X-FileName: TJONES (Non-Privileged).pst

Tana,
I received a PA for Straightline (Division of U.S. Steel) and credit approved.  I ask Global to create an CP ID.  and the ID reads.  Straightline, a dba of US Steel Corporation.  Do I have to ask customer to re-fax PA with GCP name, CP ID # 142509?  or is okay to process like Straightline ( Division of U.S. Steel) ?

Let me know,
Thank you,
Claudia "
compliance-real-21,enron,"Message-ID: <26633538.1075861226966.JavaMail.evans@thyme>
Date: Mon, 19 Nov 2001 09:04:30 -0800 (PST)
From: chris.germany@enron.com
To: wdgermanyjr@dow.com, germanj@basf-corp.com
Subject: Hey
Mime-Version: 1.0
Content-Type: text/plain; charset=us-ascii
Content-Transfer-Encoding: 7bit
X-From: Germany, Chris </O=ENRON/OU=NA/CN=RECIPIENTS/CN=CGERMAN>
X-To: Don Germany (E-mail) <wdgermanyjr@dow.com>, Jerry  & Barbara Germany (E-mail) <germanj@basf-corp.com>
X-cc: 
X-bcc: 
X-Folder: \CGERMAN (Non-Privileged)\Germany, Chris\Sent Items
X-Origin: Germany-C
X-FileName: CGERMAN (Non-Privileged).pst

You guys need to come see my new building before I quit, get fired or whatever.  We moved into the new building over the weekend."
compliance-real-22,enron,"Message-ID: <17724384.1075840746622.JavaMail.evans@thyme>
Date: Tue, 18 Dec 2001 07:24:11 -0800 (PST)
From: no.address@enron.com
Subject: URGENT! URGENT! VIRUS ALERT!
Mime-Version: 1.0
Content-Type: text/plain; charset=us-ascii
Content-Transfer-Encoding: 7bit
X-From: Enron General Announcements@ENRON
X-To: All Enron Worldwide@ENRON
X-cc: 
X-bcc: 
X-Folder: \ExMerge - Hodge, John W.\Inbox
X-Origin: HODGE-J
X-FileName: john w hodge 6-26-02.pst

Please be aware that there is an email circulating the Enron messaging environment !!!

The infected email has the following characteristics :
Subject :	Hi
Body :	Hi, I found a cool site! <web link> It's really cool!

An alternative version of the infected email also have an Excel spreadsheet attachment.

If you receive this email, DELETE it immediately. DO NOT CLICK ON THE WEB LINK. DO NOT LAUNCH THE EXCEL ATTACHMENT!

Please note that opening the email automatically via the ""preview pane"" does NOT launch the virus.

The Enron global messaging service has taken the necessary steps to ensure all internet email sent to your Enron internet address is virus free. But there are ways that you can ensure viruses do not make their way into our environment  :

Always ensure you do not launch attachments or web links received from people you do not know. 

Always ensure that you do not access/launch/download any attachments from external (web-based) email service providers while you are using the Enron network.

Detection + Prevention = Protection!

Thank you.
"
compliance-real-23,enron,"Message-ID: <31422742.1075861238686.JavaMail.evans@thyme>
Date: Tue, 9 Oct 2001 08:10:03 -0700 (PDT)
From: cashley@poha.com
To: dana.davis@enron.com
Subject: Missing You
Mime-Version: 1.0
Content-Type: text/plain; charset=us-ascii
Content-Transfer-Encoding: 7bit
X-From: Carolyn Ashley <Cashley@poha.com>
X-To: Davis, Dana </O=ENRON/OU=NA/CN=RECIPIENTS/CN=DDAVIS>
X-cc: 
X-bcc: 
X-Folder: \DDAVIS (Non-Privileged)\Davis, Dana\Deleted Items\Family
X-Origin: Davis-D
X-FileName: DDAVIS (Non-Privileged).pst

Dana,

Just wanted to say that I really miss you.  It saddens me that you are not
sitting next to me anymore.  Although I know that we are still friends, you
have been so much more.  I have grown spiritually because of your teaching.

I'm not sure what to say, except:

I REALLY MISS YOU!!!!
		

Carolyn H. Ashley
Training & Development Manager
Port of Houston Authority
Phone:  (713) 670-2619
Fax:  (713) 670-2457
E-mail:  cashley@poha.com"
compliance-real-24,enron,"Message-ID: <27680354.1075855873100.JavaMail.evans@thyme>
Date: Thu, 16 Nov 2000 03:38:00 -0800 (PST)
From: arsystem@mailman.enron.com
To: sally.beck@enron.com
Subject: Request Submitted: Access Request for kenneth.lim@enron.com
Mime-Version: 1.0
Content-Type: text/plain; charset=us-ascii
Content-Transfer-Encoding: 7bit
X-From: ARSystem@mailman.enron.com
X-To: sally.beck@enron.com
X-cc: 
X-bcc: 
X-Folder: \Sally_Beck_Dec2000\Notes Folders\Eol access
X-Origin: Beck-S
X-FileName: sbeck.nsf

You have received this email because you are listed as a security approver. 
Please click 
http://itcapps.corp.enron.com/srrs/auth/emailLink.asp?ID=000000000007588&Page=
Approval to review and act upon this request.




Request ID          : 000000000007588
Request Create Date : 11/16/00 11:17:54 AM
Requested For       : kenneth.lim@enron.com
Resource Name       : EOL US Backoffice  Data Manager
Resource Type       : Applications



"
compliance-real-25,enron,"Message-ID: <32701953.1075846914643.JavaMail.evans@thyme>
Date: Thu, 5 Aug 1999 03:03:00 -0700 (PDT)
From: tana.jones@enron.com
To: kate.cole@enron.com
Subject: Assistance to Global Counterparty
Mime-Version: 1.0
Content-Type: text/plain; charset=us-ascii
Content-Transfer-Encoding: 7bit
X-From: Tana Jones
X-To: Kate Cole
X-cc: 
X-bcc: 
X-Folder: \Tanya_Jones_Dec2000\Notes Folders\All documents
X-Origin: JONES-T
X-FileName: tjones.nsf

Per the memo below, we are looking for European and Canadian corporate search 
companies, and it occurred to me that you may already have someone you use.  
Do you have any recommendations?  Thanks for your help!
---------------------- Forwarded by Tana Jones/HOU/ECT on 08/05/99 10:00 AM 
---------------------------
   
	Enron Capital & Trade Resources Corp.
	
	From:  Tana Jones                           08/04/99 04:47 PM
	

To: Scott Sefton/LON/ECT@ECT, Peter Keohane/CAL/ECT@ECT
cc: Mary Solmonson/HOU/ECT@ECT 
Subject: Assistance to Global Counterparty

Global counterparty is trying to locate online corporate search companies 
that can check company names in Europe and Canada.  In the U.S. we can access 
this information via Westmate in Westlaw.  Are either of you aware of any 
online search company, or can you direct me to someone who may be aware of an 
online search company, for Canada and Europe?  If there are no online search 
companies available, is there a reasonably priced corporate search company 
that can verify this information for us?

I appreciate your help.
"
compliance-real-26,enron,"Message-ID: <17307455.1075853790555.JavaMail.evans@thyme>
Date: Fri, 29 Sep 2000 09:23:00 -0700 (PDT)
From: chris.germany@enron.com
To: steve.gillespie@enron.com, marlene.hilliard@enron.com
Subject: Equitrans, L.P. #365
Mime-Version: 1.0
Content-Type: text/plain; charset=us-ascii
Content-Transfer-Encoding: 7bit
X-From: Chris Germany
X-To: Steve Gillespie, Marlene Hilliard
X-cc: 
X-bcc: 
X-Folder: \Chris_Germany_Dec2000\Notes Folders\Sent
X-Origin: Germany-C
X-FileName: cgerman.nsf

Would you send Marlene a copy of the Equitrans agreement next week?

Thanks
---------------------- Forwarded by Chris Germany/HOU/ECT on 09/29/2000 04:22 
PM ---------------------------


Marlene Hilliard
09/29/2000 02:04 PM
To: Chris Germany/HOU/ECT@ECT
cc:  
Subject: Equitrans, L.P. #365

You forwarded to me the Pooling Agreement, but page 1 is missing.  Would you 
happen to have it? 


Marlene Hilliard
"
compliance-real-27,enron,"Message-ID: <21328260.1075840480123.JavaMail.evans@thyme>
Date: Wed, 10 Apr 2002 17:09:30 -0700 (PDT)
From: michael.frazier@enron.com
To: lisa.gang@enron.com, settlements.ees@enron.com, julie.sarnowski@enron.com
Subject: EES CA SCHEDULE for 4/12 and 4/13/02
Mime-Version: 1.0
Content-Type: text/plain; charset=us-ascii
Content-Transfer-Encoding: 7bit
X-From: Frazier, Michael </O=ENRON/OU=NA/CN=RECIPIENTS/CN=MFRAZIER>
X-To: Gang, Lisa </O=ENRON/OU=NA/CN=RECIPIENTS/CN=Lgang>, EES Power Settlements, </O=ENRON/OU=NA/CN=RECIPIENTS/CN=Notesaddr/cn=fb76f45-2687f0a4-86256919-4d2271>, Sarnowski, Julie </O=ENRON/OU=NA/CN=RECIPIENTS/CN=Jsarnow>
X-cc: 
X-bcc: 
X-Folder: \ExMerge - Gang, Lisa\Deleted Items
X-Origin: GANG-L
X-FileName: lisa gang 6-25-02.pst

The attached schedule covers both Friday and Saturday, April 12-13.  Associated text files have been posted to Sparky.

            


Michael R. Frazier
Manager, Load Forecasting
Enron Energy Services
Office: 713-345-3200
Pager: 877-926-0615
P-mail: 8779260615@skytel.com
"
compliance-real-28,enron,"Message-ID: <28492229.1075852719069.JavaMail.evans@thyme>
Date: Mon, 20 Aug 2001 12:54:56 -0700 (PDT)
From: john.arnold@enron.com
To: icehelpdesk@intcx.com
Subject: RE: Please respond to cancel deal ID:  242186080
Mime-Version: 1.0
Content-Type: text/plain; charset=us-ascii
Content-Transfer-Encoding: 7bit
X-From: Arnold, John </O=ENRON/OU=NA/CN=RECIPIENTS/CN=JARNOLD>
X-To: 'ice helpdesk <icehelpdesk@intcx.com>' <IMCEANOTES-ice+20helpdesk+20+3Cicehelpdesk+40intcx+2Ecom+3E@ENRON.com>
X-cc: 
X-bcc: 
X-Folder: \JARNOLD (Non-Privileged)\Arnold, John\Sent Items
X-Origin: Arnold-J
X-FileName: JARNOLD (Non-Privileged).pst

agree

 -----Original Message-----
From: 	Chris Lowe <clowe@intcx.com>@ENRON [mailto:IMCEANOTES-Chris+20Lowe+20+3Cclowe+40intcx+2Ecom+3E+40ENRON@ENRON.com]  On Behalf Of ice helpdesk <icehelpdesk@intcx.com>
Sent:	Monday, August 20, 2001 2:35 PM
To:	'caspicer@duke-energy.com'; Arnold, John
Cc:	ice helpdesk
Subject:	Please respond to cancel deal ID:  242186080

Cara and John:

Please respond to the following to cancel deal ID 242186080 between Cara
Spicer of Duke Energy Trading and Marketing LLC and John Arnold of Enron
North America Corp.

Product:  NG Fin, FP for LD1Henry Hub-Louisiana
Strip:  Dec '01
Quantity:  5,000 MMBtus daily
Price:  4.74 USD/MMBtu
Effective Date:  Dec 1, 2001
Termination Date:  Dec 31, 2001
Total Quantity:  155,000 MMbtus
Trade date:  Aug 20, 2001

IF you have any further questions please call the IntercontinentalExchange
Atlanta HelpDesk at +1-770-738-2101.

Regards,

I n t e r c o n t i n e n t a l E x c h a n g e
____________________________________________
http://www.intcx.com | Chris Lowe | 770.738.2101
"
compliance-real-29,enron,"Message-ID: <8086281.1075849659354.JavaMail.evans@thyme>
Date: Fri, 2 Mar 2001 10:41:00 -0800 (PST)
From: enron.announcements@enron.com
To: enronoptions.mailing@enron.com
Subject: EnronOptions Update!
Mime-Version: 1.0
Content-Type: text/plain; charset=ANSI_X3.4-1968
Content-Transfer-Encoding: quoted-printable
X-From: Enron Announcements
X-To: EnronOptions mailing
X-cc: 
X-bcc: 
X-Folder: \John_Griffith_Nov2001\Notes Folders\Discussion threads
X-Origin: GRIFFITH-J
X-FileName: jgriffit.nsf

EnronOptions Announcement


We have updated the EnronOptions =01) Your Stock Option Program web site!  =
The=20
web site now contains specific details of the EnronOptions Program includin=
g=20
the December 29, 2000 grant price and additional information on employee=20
eligibility.

Access EnronOptions =01) Your Stock Option Program web site by clicking on=
=20
http://hrweb.enron.com or by typing the address into your web browser.

We hope you find the revised site helpful in addressing your questions abou=
t=20
the EnronOptions Program.  If you have any additional questions, please=20
contact your H.R. Representative.

Stay tuned for more information throughout March and April 2001."
compliance-real-30,enron,"Message-ID: <4121184.1075853733997.JavaMail.evans@thyme>
Date: Mon, 27 Dec 1999 11:34:00 -0800 (PST)
From: pdrexel@columbiaenergygroup.com
To: dan.junek@enron.com, chris.germany@enron.com
Subject: FINAL - REVISED - January 2000 Tennessee deliveries to WKY
Mime-Version: 1.0
Content-Type: text/plain; charset=us-ascii
Content-Transfer-Encoding: 7bit
X-From: pdrexel@columbiaenergygroup.com
X-To: Dan Junek, Chris Germany
X-cc: 
X-bcc: 
X-Folder: \Chris_Germany_Dec2000\Notes Folders\Ces
X-Origin: Germany-C
X-FileName: cgerman.nsf

---------------------- Forwarded by Paul Drexelius/CES/ColumbiaGas on 12/27/99
01:38 PM ---------------------------


Marianne Stiles
12/27/99 01:16 PM

To: Noel Bartlo/CES/ColumbiaGas@ColumbiaGas, Paul
Drexelius/CES/ColumbiaGas@ColumbiaGas
cc:
Subject: FINAL - REVISED - January 2000 Tennessee deliveries to WKY


---------------------- Forwarded by Marianne Stiles/CES/ColumbiaGas on 
12/27/99
02:15 PM ---------------------------


Marianne Stiles
12/23/99 01:11 PM

To: Karen Bobb/CES/ColumbiaGas@ColumbiaGas
cc: Noel Bartlo/CES/ColumbiaGas@ColumbiaGas, Paul
Drexelius/CES/ColumbiaGas@ColumbiaGas, Joanne
Swogger/CES/ColumbiaGas@ColumbiaGas, Nancy Diel/CES/ColumbiaGas@ColumbiaGas,
Phil Villagomez/CES/ColumbiaGas@ColumbiaGas
Subject: REVISED - January 2000 Tennessee deliveries to WKY

Please note in red the revised volumes
---------------------- Forwarded by Marianne Stiles/CES/ColumbiaGas on 
12/23/99
01:10 PM ---------------------------


Marianne Stiles
12/23/99 11:05 AM

To: Karen Bobb/CES/ColumbiaGas@ColumbiaGas
cc: Phil Villagomez/CES/ColumbiaGas@ColumbiaGas, Noel
Bartlo/CES/ColumbiaGas@ColumbiaGas, Paul 
Drexelius/CES/ColumbiaGas@ColumbiaGas,
Joanne Swogger/CES/ColumbiaGas@ColumbiaGas, Nancy
Diel/CES/ColumbiaGas@ColumbiaGas
Subject: January 2000 Tennessee deliveries to WKY

Per the sales reps and GMS I will need the following:


100 dth per day to meter # 020030
596 dth per day to meter # 020028

I will receive a final number for these next week but this is an estimate.
(should not be that far off).



"
